<?xml version="1.0" encoding="utf-8"?>
<edmx:Edmx Version="1.0" xmlns:edmx="http://schemas.microsoft.com/ado/2007/06/edmx" xmlns:m="http://schemas.microsoft.com/ado/2007/08/dataservices/metadata" xmlns:sap="http://www.sap.com/Protocols/SAPData">
 <edmx:DataServices m:DataServiceVersion="2.0">
  <Schema Namespace="Y20_EWM_DASS_HU_TROLLEY_SRV" xml:lang="en" sap:schema-version="1" xmlns="http://schemas.microsoft.com/ado/2008/09/edm">
   <EntityType Name="HandlingUnitEnt" sap:content-version="1">
    <Key>
     <PropertyRef Name="Lgnum"/>
     <PropertyRef Name="HUIdent"/>
    </Key>
    <Property Name="PackMaterial" Type="Y20_EWM_DASS_HU_TROLLEY_SRV.Product" Nullable="false"/>
    <Property Name="Product" Type="Y20_EWM_DASS_HU_TROLLEY_SRV.Product" Nullable="false"/>
    <Property Name="Quantity" Type="Y20_EWM_DASS_HU_TROLLEY_SRV.Quantity" Nullable="false"/>
    <Property Name="Lgnum" Type="Edm.String" Nullable="false" MaxLength="4" sap:unicode="false" sap:label="Warehouse Number" sap:creatable="false" sap:updatable="false" sap:sortable="false" sap:filterable="false"/>
    <Property Name="HUIdent" Type="Edm.String" Nullable="false" MaxLength="20" sap:unicode="false" sap:label="Handling Unit Number" sap:creatable="false" sap:updatable="false" sap:sortable="false" sap:filterable="false"/>
    <Property Name="HUGUID" Type="Edm.Guid" Nullable="false" sap:unicode="false" sap:label="HU GUID" sap:creatable="false" sap:updatable="false" sap:sortable="false" sap:filterable="false"/>
    <Property Name="HUType" Type="Edm.String" Nullable="false" MaxLength="4" sap:unicode="false" sap:label="Handling Unit Type" sap:creatable="false" sap:updatable="false" sap:sortable="false" sap:filterable="false"/>
    <Property Name="WarehouseTask" Type="Edm.String" MaxLength="12" sap:unicode="false" sap:label="Warehouse Task" sap:creatable="false" sap:updatable="false" sap:sortable="false" sap:filterable="false"/>
    <Property Name="WarehouseOrder" Type="Edm.String" MaxLength="10" sap:unicode="false" sap:label="Warehouse Order" sap:creatable="false" sap:updatable="false" sap:sortable="false" sap:filterable="false"/>
    <Property Name="ActivArea" Type="Edm.String" MaxLength="4" sap:unicode="false" sap:label="Activity Area" sap:creatable="false" sap:updatable="false" sap:sortable="false" sap:filterable="false"/>
   </EntityType>
   <EntityType Name="TrolleyEnt" sap:content-version="1">
    <Key>
     <PropertyRef Name="Lgnum"/>
     <PropertyRef Name="Trolley"/>
    </Key>
    <Property Name="LastHU" Type="Y20_EWM_DASS_HU_TROLLEY_SRV.HandlingUnit" Nullable="false"/>
    <Property Name="Lgnum" Type="Edm.String" Nullable="false" MaxLength="4" sap:unicode="false" sap:label="Warehouse Number" sap:creatable="false" sap:updatable="false" sap:sortable="false" sap:filterable="false"/>
    <Property Name="Trolley" Type="Edm.String" Nullable="false" MaxLength="18" sap:unicode="false" sap:label="Trolley" sap:creatable="false" sap:updatable="false" sap:sortable="false" sap:filterable="false"/>
    <Property Name="ActivArea" Type="Edm.String" MaxLength="4" sap:unicode="false" sap:label="Activity Area" sap:creatable="false" sap:updatable="false" sap:sortable="false" sap:filterable="false"/>
    <Property Name="WarehouseTask" Type="Edm.String" MaxLength="12" sap:unicode="false" sap:label="Warehouse Task" sap:creatable="false" sap:updatable="false" sap:sortable="false" sap:filterable="false"/>
   </EntityType>
   <EntityType Name="TrolleyContentEnt" sap:content-version="1">
    <Key>
     <PropertyRef Name="Lgnum"/>
     <PropertyRef Name="Trolley"/>
     <PropertyRef Name="Position"/>
    </Key>
    <Property Name="HU" Type="Y20_EWM_DASS_HU_TROLLEY_SRV.HandlingUnit" Nullable="false"/>
    <Property Name="Product" Type="Y20_EWM_DASS_HU_TROLLEY_SRV.Product" Nullable="false"/>
    <Property Name="Quantity" Type="Y20_EWM_DASS_HU_TROLLEY_SRV.Quantity" Nullable="false"/>
    <Property Name="Lgnum" Type="Edm.String" Nullable="false" MaxLength="4" sap:unicode="false" sap:label="Warehouse Number" sap:creatable="false" sap:updatable="false" sap:sortable="false" sap:filterable="false"/>
    <Property Name="Trolley" Type="Edm.String" Nullable="false" MaxLength="18" sap:unicode="false" sap:label="Trolley" sap:creatable="false" sap:updatable="false" sap:sortable="false" sap:filterable="false"/>
    <Property Name="Position" Type="Edm.String" Nullable="false" MaxLength="5" sap:unicode="false" sap:label="Trolley Position" sap:creatable="false" sap:updatable="false" sap:sortable="false" sap:filterable="false"/>
   </EntityType>
   <EntityType Name="UserCommandEnt" sap:content-version="1">
    <Key>
     <PropertyRef Name="Lgnum"/>
    </Key>
    <Property Name="Lgnum" Type="Edm.String" Nullable="false" MaxLength="4" sap:unicode="false" sap:label="Warehouse Number" sap:creatable="false" sap:updatable="false" sap:sortable="false" sap:filterable="false"/>
    <Property Name="UserCommand" Type="Edm.String" MaxLength="2" sap:unicode="false" sap:label="User Command" sap:creatable="false" sap:updatable="false" sap:sortable="false" sap:filterable="false"/>
    <NavigationProperty Name="UserCommand_TrolleyContentNav" Relationship="Y20_EWM_DASS_HU_TROLLEY_SRV.UserCommand_TrolleyContent" FromRole="FromRole_UserCommand_TrolleyContent" ToRole="ToRole_UserCommand_TrolleyContent" sap:label="User Action on Trolley Content"/>
    <NavigationProperty Name="UserCommand_TrolleyNav" Relationship="Y20_EWM_DASS_HU_TROLLEY_SRV.UserCommand_Trolley" FromRole="FromRole_UserCommand_Trolley" ToRole="ToRole_UserCommand_Trolley" sap:label="User Action on Trolley"/>
    <NavigationProperty Name="UserCommand_HUNav" Relationship="Y20_EWM_DASS_HU_TROLLEY_SRV.UserCommand_HandlingUnit" FromRole="FromRole_UserCommand_HandlingUnit" ToRole="ToRole_UserCommand_HandlingUnit" sap:label="User Action on Handling Unit"/>
   </EntityType>
   <EntityType Name="ScanHandlingUnitEnt" sap:content-version="1">
    <Key>
     <PropertyRef Name="Lgnum"/>
     <PropertyRef Name="ScanHU"/>
    </Key>
    <Property Name="Lgnum" Type="Edm.String" Nullable="false" MaxLength="4" sap:unicode="false" sap:label="Warehouse No." sap:creatable="false" sap:updatable="false" sap:sortable="false" sap:filterable="false"/>
    <Property Name="ScanHU" Type="Edm.String" Nullable="false" MaxLength="20" sap:unicode="false" sap:label="Scanned HU" sap:creatable="false" sap:updatable="false" sap:sortable="false" sap:filterable="false"/>
    <NavigationProperty Name="ScanHU_HUNav" Relationship="Y20_EWM_DASS_HU_TROLLEY_SRV.ScanHU_HU" FromRole="FromRole_ScanHU_HU" ToRole="ToRole_ScanHU_HU" sap:label="Navigation scanned HU to HU data"/>
   </EntityType>
   <EntityType Name="ScanTrolleyEnt" sap:content-version="1">
    <Key>
     <PropertyRef Name="Lgnum"/>
     <PropertyRef Name="ScanTrolley"/>
    </Key>
    <Property Name="Lgnum" Type="Edm.String" Nullable="false" MaxLength="4" sap:unicode="false" sap:label="Warehouse Number" sap:creatable="false" sap:updatable="false" sap:sortable="false" sap:filterable="false"/>
    <Property Name="ScanTrolley" Type="Edm.String" Nullable="false" MaxLength="18" sap:unicode="false" sap:label="Scanned Trolley" sap:creatable="false" sap:updatable="false" sap:sortable="false" sap:filterable="false"/>
    <NavigationProperty Name="ScanTrolley_TrolleyNav" Relationship="Y20_EWM_DASS_HU_TROLLEY_SRV.ScanTrolley_Trolley" FromRole="FromRole_ScanTrolley_Trolley" ToRole="ToRole_ScanTrolley_Trolley" sap:label="Navigation scanned trolleyNo to trolley"/>
    <NavigationProperty Name="ScanTrolley_TrolleyContentNav" Relationship="Y20_EWM_DASS_HU_TROLLEY_SRV.ScanTrolley_TrolleyContent" FromRole="FromRole_ScanTrolley_TrolleyContent" ToRole="ToRole_ScanTrolley_TrolleyContent" sap:label="Navigation scanned trolleyNo to trolley content"/>
   </EntityType>
   <ComplexType Name="Product">
    <Property Name="MatID" Type="Edm.Guid" Nullable="false" sap:label="Material key" sap:creatable="false" sap:updatable="false" sap:sortable="false" sap:filterable="false"/>
    <Property Name="MatNR" Type="Edm.String" Nullable="false" MaxLength="40" sap:label="Material Number" sap:creatable="false" sap:updatable="false" sap:sortable="false" sap:filterable="false"/>
   </ComplexType>
   <ComplexType Name="HandlingUnit">
    <Property Name="HUGuid" Type="Edm.Guid" Nullable="false" sap:label="HU key" sap:creatable="false" sap:updatable="false" sap:sortable="false" sap:filterable="false"/>
    <Property Name="HUIdent" Type="Edm.String" Nullable="false" MaxLength="20" sap:label="HU Number" sap:creatable="false" sap:updatable="false" sap:sortable="false" sap:filterable="false"/>
    <Property Name="HUType" Type="Edm.String" Nullable="false" MaxLength="4" sap:label="HU Type" sap:creatable="false" sap:updatable="false" sap:sortable="false" sap:filterable="false"/>
    <Property Name="PackMat" Type="Y20_EWM_DASS_HU_TROLLEY_SRV.Product" Nullable="false"/>
   </ComplexType>
   <ComplexType Name="Quantity">
    <Property Name="Quan" Type="Edm.Decimal" Nullable="false" Precision="31" Scale="14" sap:unit="Unit" sap:label="Quantity" sap:creatable="false" sap:updatable="false" sap:sortable="false" sap:filterable="false"/>
    <Property Name="Unit" Type="Edm.String" Nullable="false" MaxLength="3" sap:label="Unit" sap:creatable="false" sap:updatable="false" sap:sortable="false" sap:filterable="false" sap:semantics="unit-of-measure"/>
   </ComplexType>
   <Association Name="ScanTrolley_TrolleyContent" sap:content-version="1" sap:label="Trolley Content">
    <End Type="Y20_EWM_DASS_HU_TROLLEY_SRV.ScanTrolleyEnt" Multiplicity="1" Role="FromRole_ScanTrolley_TrolleyContent"/>
    <End Type="Y20_EWM_DASS_HU_TROLLEY_SRV.TrolleyContentEnt" Multiplicity="*" Role="ToRole_ScanTrolley_TrolleyContent"/>
    <ReferentialConstraint>
     <Principal Role="FromRole_ScanTrolley_TrolleyContent">
      <PropertyRef Name="ScanTrolley"/>
      <PropertyRef Name="Lgnum"/>
     </Principal>
     <Dependent Role="ToRole_ScanTrolley_TrolleyContent">
      <PropertyRef Name="Trolley"/>
      <PropertyRef Name="Lgnum"/>
     </Dependent>
    </ReferentialConstraint>
   </Association>
   <Association Name="ScanTrolley_Trolley" sap:content-version="1" sap:label="Trolley Header">
    <End Type="Y20_EWM_DASS_HU_TROLLEY_SRV.ScanTrolleyEnt" Multiplicity="1" Role="FromRole_ScanTrolley_Trolley"/>
    <End Type="Y20_EWM_DASS_HU_TROLLEY_SRV.TrolleyEnt" Multiplicity="1" Role="ToRole_ScanTrolley_Trolley"/>
    <ReferentialConstraint>
     <Principal Role="FromRole_ScanTrolley_Trolley">
      <PropertyRef Name="ScanTrolley"/>
      <PropertyRef Name="Lgnum"/>
     </Principal>
     <Dependent Role="ToRole_ScanTrolley_Trolley">
      <PropertyRef Name="Trolley"/>
      <PropertyRef Name="Lgnum"/>
     </Dependent>
    </ReferentialConstraint>
   </Association>
   <Association Name="UserCommand_TrolleyContent" sap:content-version="1" sap:label="User Action on Trolley Content">
    <End Type="Y20_EWM_DASS_HU_TROLLEY_SRV.UserCommandEnt" Multiplicity="1" Role="FromRole_UserCommand_TrolleyContent"/>
    <End Type="Y20_EWM_DASS_HU_TROLLEY_SRV.TrolleyContentEnt" Multiplicity="*" Role="ToRole_UserCommand_TrolleyContent"/>
    <ReferentialConstraint>
     <Principal Role="FromRole_UserCommand_TrolleyContent">
      <PropertyRef Name="Lgnum"/>
     </Principal>
     <Dependent Role="ToRole_UserCommand_TrolleyContent">
      <PropertyRef Name="Lgnum"/>
     </Dependent>
    </ReferentialConstraint>
   </Association>
   <Association Name="UserCommand_Trolley" sap:content-version="1" sap:label="User Action on Trolley">
    <End Type="Y20_EWM_DASS_HU_TROLLEY_SRV.UserCommandEnt" Multiplicity="1" Role="FromRole_UserCommand_Trolley"/>
    <End Type="Y20_EWM_DASS_HU_TROLLEY_SRV.TrolleyEnt" Multiplicity="1" Role="ToRole_UserCommand_Trolley"/>
    <ReferentialConstraint>
     <Principal Role="FromRole_UserCommand_Trolley">
      <PropertyRef Name="Lgnum"/>
     </Principal>
     <Dependent Role="ToRole_UserCommand_Trolley">
      <PropertyRef Name="Lgnum"/>
     </Dependent>
    </ReferentialConstraint>
   </Association>
   <Association Name="UserCommand_HandlingUnit" sap:content-version="1" sap:label="User Action on Handling Unit">
    <End Type="Y20_EWM_DASS_HU_TROLLEY_SRV.UserCommandEnt" Multiplicity="1" Role="FromRole_UserCommand_HandlingUnit"/>
    <End Type="Y20_EWM_DASS_HU_TROLLEY_SRV.HandlingUnitEnt" Multiplicity="1" Role="ToRole_UserCommand_HandlingUnit"/>
    <ReferentialConstraint>
     <Principal Role="FromRole_UserCommand_HandlingUnit">
      <PropertyRef Name="Lgnum"/>
     </Principal>
     <Dependent Role="ToRole_UserCommand_HandlingUnit">
      <PropertyRef Name="Lgnum"/>
     </Dependent>
    </ReferentialConstraint>
   </Association>
   <Association Name="ScanHU_HU" sap:content-version="1" sap:label="Handling Unit">
    <End Type="Y20_EWM_DASS_HU_TROLLEY_SRV.ScanHandlingUnitEnt" Multiplicity="1" Role="FromRole_ScanHU_HU"/>
    <End Type="Y20_EWM_DASS_HU_TROLLEY_SRV.HandlingUnitEnt" Multiplicity="1" Role="ToRole_ScanHU_HU"/>
    <ReferentialConstraint>
     <Principal Role="FromRole_ScanHU_HU">
      <PropertyRef Name="ScanHU"/>
      <PropertyRef Name="Lgnum"/>
     </Principal>
     <Dependent Role="ToRole_ScanHU_HU">
      <PropertyRef Name="HUIdent"/>
      <PropertyRef Name="Lgnum"/>
     </Dependent>
    </ReferentialConstraint>
   </Association>
   <EntityContainer Name="Y20_EWM_DASS_HU_TROLLEY_SRV_Entities" m:IsDefaultEntityContainer="true" sap:supported-formats="atom json xlsx">
    <EntitySet Name="HandlingUnitSet" EntityType="Y20_EWM_DASS_HU_TROLLEY_SRV.HandlingUnitEnt" sap:creatable="false" sap:updatable="false" sap:deletable="false" sap:pageable="false" sap:addressable="false" sap:content-version="1"/>
    <EntitySet Name="TrolleySet" EntityType="Y20_EWM_DASS_HU_TROLLEY_SRV.TrolleyEnt" sap:creatable="false" sap:updatable="false" sap:deletable="false" sap:pageable="false" sap:addressable="false" sap:content-version="1"/>
    <EntitySet Name="TrolleyContentSet" EntityType="Y20_EWM_DASS_HU_TROLLEY_SRV.TrolleyContentEnt" sap:creatable="false" sap:updatable="false" sap:deletable="false" sap:pageable="false" sap:addressable="false" sap:content-version="1"/>
    <EntitySet Name="UserCommandEntCollection" EntityType="Y20_EWM_DASS_HU_TROLLEY_SRV.UserCommandEnt" sap:content-version="1"/>
    <EntitySet Name="ScanHandlingUnitSet" EntityType="Y20_EWM_DASS_HU_TROLLEY_SRV.ScanHandlingUnitEnt" sap:creatable="false" sap:updatable="false" sap:deletable="false" sap:pageable="false" sap:addressable="false" sap:content-version="1"/>
    <EntitySet Name="ScanTrolleySet" EntityType="Y20_EWM_DASS_HU_TROLLEY_SRV.ScanTrolleyEnt" sap:creatable="false" sap:updatable="false" sap:deletable="false" sap:pageable="false" sap:addressable="false" sap:content-version="1"/>
    <AssociationSet Name="UserCommand_Trolley_AssocSet" Association="Y20_EWM_DASS_HU_TROLLEY_SRV.UserCommand_Trolley" sap:creatable="false" sap:updatable="false" sap:deletable="false" sap:content-version="1">
     <End EntitySet="UserCommandEntCollection" Role="FromRole_UserCommand_Trolley"/>
     <End EntitySet="TrolleySet" Role="ToRole_UserCommand_Trolley"/>
    </AssociationSet>
    <AssociationSet Name="UserCommand_TrolleyContent_AssocSet" Association="Y20_EWM_DASS_HU_TROLLEY_SRV.UserCommand_TrolleyContent" sap:creatable="false" sap:updatable="false" sap:deletable="false" sap:content-version="1">
     <End EntitySet="UserCommandEntCollection" Role="FromRole_UserCommand_TrolleyContent"/>
     <End EntitySet="TrolleyContentSet" Role="ToRole_UserCommand_TrolleyContent"/>
    </AssociationSet>
    <AssociationSet Name="ScanHU_HU_AssocSet" Association="Y20_EWM_DASS_HU_TROLLEY_SRV.ScanHU_HU" sap:creatable="false" sap:updatable="false" sap:deletable="false" sap:content-version="1">
     <End EntitySet="ScanHandlingUnitSet" Role="FromRole_ScanHU_HU"/>
     <End EntitySet="HandlingUnitSet" Role="ToRole_ScanHU_HU"/>
    </AssociationSet>
    <AssociationSet Name="UserCommand_HandlingUnit_AssocSet" Association="Y20_EWM_DASS_HU_TROLLEY_SRV.UserCommand_HandlingUnit" sap:creatable="false" sap:updatable="false" sap:deletable="false" sap:content-version="1">
     <End EntitySet="UserCommandEntCollection" Role="FromRole_UserCommand_HandlingUnit"/>
     <End EntitySet="HandlingUnitSet" Role="ToRole_UserCommand_HandlingUnit"/>
    </AssociationSet>
    <AssociationSet Name="ScanTrolley_TrolleyContent_AssocSet" Association="Y20_EWM_DASS_HU_TROLLEY_SRV.ScanTrolley_TrolleyContent" sap:creatable="false" sap:updatable="false" sap:deletable="false" sap:content-version="1">
     <End EntitySet="ScanTrolleySet" Role="FromRole_ScanTrolley_TrolleyContent"/>
     <End EntitySet="TrolleyContentSet" Role="ToRole_ScanTrolley_TrolleyContent"/>
    </AssociationSet>
    <AssociationSet Name="ScanTrolley_Trolley_AssocSet" Association="Y20_EWM_DASS_HU_TROLLEY_SRV.ScanTrolley_Trolley" sap:creatable="false" sap:updatable="false" sap:deletable="false" sap:content-version="1">
     <End EntitySet="ScanTrolleySet" Role="FromRole_ScanTrolley_Trolley"/>
     <End EntitySet="TrolleySet" Role="ToRole_ScanTrolley_Trolley"/>
    </AssociationSet>
   </EntityContainer>
   <atom:link rel="self" href="https://vi20pas.de.festo.net/sap/opu/odata/sap/Y20_EWM_DASS_HU_TROLLEY_SRV/$metadata" xmlns:atom="http://www.w3.org/2005/Atom"/>
   <atom:link rel="latest-version" href="https://vi20pas.de.festo.net/sap/opu/odata/sap/Y20_EWM_DASS_HU_TROLLEY_SRV/$metadata" xmlns:atom="http://www.w3.org/2005/Atom"/>
  </Schema>
 </edmx:DataServices>
</edmx:Edmx>