[{
	"PackMaterial": {
		"MatID": "005056a1-7205-1eda-93ce-5aa60ddd11fd"
	},
	"Product": {
		"MatID": "005056a1-7205-1eda-97ab-adec02c8601c",
		"MatNR": "150384"
	},
	"Quantity": {
		"Quan": 50,
		"Unit": "PC"
	},
	"Lgnum": "TMPL",
	"HUIdent": "2500000205",
	"HUGUID": "005056a1-7205-1eea-9ce9-7e257e87cbd1",
	"HUType": "0050",
	"WarehouseTask": "1000001957",
	"WarehouseOrder": "2000001585",
	"ActivArea": "GLH2"
}, {
	"PackMaterial": {
		"MatID": "005056a1-7205-1eda-93ce-5a52ac5c51f9"
	},
	"Lgnum": "TMPL",
	"HUIdent": "2500000144",
	"HUGuid": "005056a1-7205-1eea-9b8d-578701b99945",
	"HUType": "PR1"
}, {
	"Lgnum": "TMPL",
	"HUIdent": "2500000208",
	"HUType": "0050",
	"WarehouseTask": "1000004585",
	"WarehouseOrder": "20000009999",
	"ActivArea": "GLH3",
	"Product": {
		"MatNR": "150384"
	},
	"Quantity": {
		"Quan": 123,
		"Unit": "PC"
	}
}]